image_name,description
31973.jpg,nike kids ' s revolution running shoes
30778.jpg,men ' s green checked shirt
19812.jpg,a man wearing a hoodie with a green hoodie
22735.jpg,nike kids ' s revolution running shoes
38246.jpg,t - shirt with print and logo
16916.jpg,a man wearing a white sweater with black stripes
52876.jpg,multi printed sari sari
39500.jpg,nike dun dun high top sneak
44758.jpg,a white shoe with a red and black stripe
59454.jpg,men ' s casual shirt
44951.jpg,a white spray bottle with a red and black design on it
34410.jpg,"a man wearing a black t - shirt with the words, ' i ' m ' n ' n"
22706.jpg,nike kids ' s court court tennis shoe
59735.jpg,a woman wearing a black lace thong with a green button
12666.jpg,a man in a white shirt and jeans
13288.jpg,a woman wearing a beige pants with a belt
36417.jpg,puki girls black and pink running shoes
6234.jpg,a woman in a blue shirt and jeans
36765.jpg,a black and white watch with red hands
38745.jpg,a backpack with a yellow zipper
28578.jpg,adi - benz ch09 - 1 - mens watch
50478.jpg,a man wearing an orange brief brief brief brief brief brief brief brief brief brief brief brief brief brief brief
52446.jpg,a woman in a red and black polka print dress
48069.jpg,a man wearing a black and white striped polo shirt
24819.jpg,a woman ' s pink high heeled pumps
47378.jpg,the large leather bag with studs
3863.jpg,a man wearing a t - shirt with a skull on it
6241.jpg,a woman wearing a white t - shirt with a floral print
59221.jpg,a gold watch with brown leather strap
25540.jpg,a man wearing a blue shirt with a white and red stripe
50446.jpg,zone zone red brief
57177.jpg,a woman wearing a denim dress with a belt
45816.jpg,a pink sandals with a flower on the toe
20529.jpg,a purple and black fanny bag with a zipper
46250.jpg,a woman wearing a blue top with a colorful pattern
10304.jpg,a black leather slider with two straps
27582.jpg,a man wearing a blue and white striped polo shirt
2193.jpg,a man in shorts and white shirt
11925.jpg,a black and blue sandal sandal sandal sandal sandal sandal sandal sandal
21440.jpg,a turquoise blue belt with a silver buckle
56540.jpg,thebale lipstick in plum
3750.jpg,a man wearing a purple t - shirt with a design on it
46634.jpg,a bottle of enix cologne cologne
11378.jpg,a man in a white shirt and black pants
2008.jpg,a man in a blue sweater with a rainbow stripe
10730.jpg,the grey and black handbag
52925.jpg,a woman wearing a purple and white sari
41022.jpg,a brown leather belt with a silver buckle
41921.jpg,a black flip flop with a silver bow
40543.jpg,a gold watch with a white dial
